"","...1","stdevf1","...3"
"1","A",1.29199394757586,0.173155938219209
"2","E",-0.976673594794703,0.247614002072509
"3","I",-0.953236664185061,0.253277740922535
"4","O",-1.24684485298028,0.183369950951223
"5","U",-2.98561082572348,0.00462687060550544
"6","V",4.63611256441287,8.58316022095806e-06
"7","i",-2.36969160317661,0.0240731617275109
"8","u",-0.702337441695066,0.311742586739837
"9","{",-0.19670314513305,0.391298494635984
