"","...1","stdevf2","...3"
"1","A",1.16192784702404,0.203116272281735
"2","E",3.77680010587466,0.000318767661923031
"3","I",4.24991748762515,4.77353731697528e-05
"4","O",-1.38588232201139,0.152701012147977
"5","U",-0.815340123061374,0.286124487655839
"6","V",-1.4056621491794,0.148542885375709
"7","i",3.53551238059237,0.000770198387755755
"8","u",-4.28907115174499,4.03869354369155e-05
"9","{",3.58085320687593,0.000655446826003494
