"","...1","stdevEuc","...3"
"1","A",1.31564661341754,0.167897511068083
"2","E",4.03544364848826,0.000116067196631934
"3","I",4.44312764637331,2.06121433221279e-05
"4","O",1.52411522501585,0.124879982517767
"5","U",1.51317301881938,0.126972490573263
"6","V",3.42920216476455,0.00111527722061622
"7","i",3.60848097351094,0.000593480618158269
"8","u",4.45212602293414,1.98035054055686e-05
"9","{",3.89924889619553,0.000199238190772233
